INSERT INTO user.users (id, user_name, password, email, display_name, gender, avatar_seq, is_bot) OVERRIDING SYSTEM VALUE VALUES
(9223372036854, 'bot', 'DA7E2532550C01A49F955FDD8F22B7FF', 'bot@chess.local', 'Bot', true, 0, true);

INSERT INTO user.users (id, user_name, password, email, display_name, gender, avatar_seq) OVERRIDING SYSTEM VALUE VALUES
(1, 'ming.hieu.1312', 'DA7E2532550C01A49F955FDD8F22B7FF', 'hieuami@gmail.com', 'Ming Hieu', true, 5),
(2, 'thuyhoa.pham.313', 'DA7E2532550C01A49F955FDD8F22B7FF', 'thuyhoapham91@gmail.com', 'Thuy Hoa Pham', false, 0),
(3, 'vutran1087', 'DA7E2532550C01A49F955FDD8F22B7FF', 'elderaine@gmail.com', 'Vũ Trần', true, 0),
(4, 'elderaine', 'DA7E2532550C01A49F955FDD8F22B7FF', 'vutran47@gmail.com', 'Panda Po', true, 0),
(5, 'nguyenthanh.thao.73', 'DA7E2532550C01A49F955FDD8F22B7FF', 'thanhthao8495@gmail.com', 'Thanh Thao Nguyen', false, 0),
(6, 'dothanhnam87', 'DA7E2532550C01A49F955FDD8F22B7FF', 'dothanhnam87@gmail.com', 'Do Nam', true, 0),
(7, 'thanhpt.0102', 'DA7E2532550C01A49F955FDD8F22B7FF', 'trungthanhplhd@gmail.com', 'Phạm Trung Thành', true, 0),
(8, 'phan.son.31', 'DA7E2532550C01A49F955FDD8F22B7FF', 'phandangson87@gmail.com', 'Phan Son', true, 0),
(9, 'johnvunam', 'DA7E2532550C01A49F955FDD8F22B7FF', 'namvd1212@gmail.com', 'John Vu Nam', true, 0),
(10, 'hoang.huong.7503314', 'DA7E2532550C01A49F955FDD8F22B7FF', 'hoanghuong2107@gmail.com', 'Hoàng Hương', true, 0),
(11, 'lee.nguyen.426182', 'DA7E2532550C01A49F955FDD8F22B7FF', 'tientrungbk@gmail.com', 'Tờ Rung Nguyễn', true, 0),
(12, 'kuonglv', 'DA7E2532550C01A49F955FDD8F22B7FF', 'cuongdantruong@gmail.com', 'Le Bao Nam', true, 0),
(13, 'tovan.ba', 'DA7E2532550C01A49F955FDD8F22B7FF', 'batv88@gmail.com', 'To Van Ba', true, 0),
(14, 'vuduc.ba', 'DA7E2532550C01A49F955FDD8F22B7FF', 'bavd5@fpt.com.vn', 'Vu Duc Ba', true, 0),
(15, 'hadacduong', 'DA7E2532550C01A49F955FDD8F22B7FF', 'hadacduong5394@gmail.com', 'Hà Đắc Dương', true, 0),
(16, 'thangpd.fami', 'DA7E2532550C01A49F955FDD8F22B7FF', 'thangpd.fami@gmail.com', 'Bố Bụng Bự', true, 0),
(17, 'QVu.Trieu', 'DA7E2532550C01A49F955FDD8F22B7FF', 'vutq5@fpt.com.vn', 'Triệu Quang Vũ', true, 0),
(18, 'namcvi', 'DA7E2532550C01A49F955FDD8F22B7FF', 'nam.cungvinh@gmail.com', 'Nam Cung', true, 0),
(19, 'sutet1992', 'DA7E2532550C01A49F955FDD8F22B7FF', 'kimanh2791992@gmail.com', 'Kim Anh Bé', false, 0),
(20, 'ngominhtuyen88', 'DA7E2532550C01A49F955FDD8F22B7FF', 'mtuyen.bk@gmail.com', 'Tuyen Ngo', true, 0),
(21, 'hanh.su.809', 'DA7E2532550C01A49F955FDD8F22B7FF', 'nguyenhonghanh.809@gmail.com', 'Hanh su', false, 0),
(22, 'hakhaccuong', 'DA7E2532550C01A49F955FDD8F22B7FF', 'hakhaccuong@gmail.com', 'Cường Khắc Hà', true, 0),
(23, 'kieu.thuy.28788', 'DA7E2532550C01A49F955FDD8F22B7FF', 'kieuthuyptit@gmail.com', 'Kiều Thủy', false, 0),
(24, 'nguyen.hung.1610', 'DA7E2532550C01A49F955FDD8F22B7FF', 'hungbktt@gmail.com', 'Nguyen Hung', true, 0),
(25, 'dotuan145', 'DA7E2532550C01A49F955FDD8F22B7FF', 'tuandl145@gmail.com', 'Đỗ Tuấn', true, 0),
(26, 'khoa.nt1988', 'DA7E2532550C01A49F955FDD8F22B7FF', 'nguyenkhoabk@gmail.com', 'Nguyễn Thanh Khoa', true, 0),
(27, 'dvtruong.bk', 'DA7E2532550C01A49F955FDD8F22B7FF', 'dvtruongbk@gmail.com', 'Đặng Văn Trường', true, 1),
(28, 'dung.thuy.33', 'DA7E2532550C01A49F955FDD8F22B7FF', 'dungnt@vitv.vn', 'Thùy Dung', false, 0),
(29, 'lien.p.do', 'DA7E2532550C01A49F955FDD8F22B7FF', 'lien.dp29@gmail.com', 'Lien Phuong Do', true, 0),
(30, 'cldiemoi', 'DA7E2532550C01A49F955FDD8F22B7FF', 'diemdang1804@gmail.com', 'Diem Dang', false, 0),
(31, 'thuyan.luong.3', 'DA7E2532550C01A49F955FDD8F22B7FF', 'anlt@onenet.vn', 'Lương Thúy An', false, 0),
(32, 'huylq2988', 'DA7E2532550C01A49F955FDD8F22B7FF', 'huylq29@gmail.com', 'Lê Quốc Huy', true, 0),
(33, 'chieunm', 'DA7E2532550C01A49F955FDD8F22B7FF', 'chieunm@onenet.vn', 'Nguyễn Mạnh Chiều', true, 0),
(34, 'tranducnghiabkhn', 'DA7E2532550C01A49F955FDD8F22B7FF', 'tranducnghiabkhn@gmail.com', 'Tran Nghia', true, 0),
(35, 'tinhte.thai.5', 'DA7E2532550C01A49F955FDD8F22B7FF', 'thaipv@tecapro.com.vn', 'Thái Tinh Tế', true, 0),
(36, 'trinhvan.tiendung', 'DA7E2532550C01A49F955FDD8F22B7FF', 'dungtvt@fpt.com.vn', 'Trịnh Văn Tiến Dũng', true, 0),
(37, 'sontung304', 'DA7E2532550C01A49F955FDD8F22B7FF', 'tungns24@fpt.com.vn', 'Sơn Tùng', true, 0),
(38, 'huongson.ha.5', 'DA7E2532550C01A49F955FDD8F22B7FF', 'sonnl@binhanh.com.vn', 'Nguyễn Luyện Sơn', true, 0),
(39, 'nga.dech', 'DA7E2532550C01A49F955FDD8F22B7FF', 'ngateenteentk8@gmail.com', 'Thanh Nga Đoàn', false, 0),
(40, 'quynhvpit', 'DA7E2532550C01A49F955FDD8F22B7FF', 'quynhnh@tecapro.com.vn', 'Nguyễn Hữu Quỳnh', true, 0),
(41, 'vuong.doanduy', 'DA7E2532550C01A49F955FDD8F22B7FF', 'vuong.doanduy@gmail.com', 'Đoàn Duy Vương', true, 0),
(42, 'dunghd94', 'DA7E2532550C01A49F955FDD8F22B7FF', 'dungntt1@tecapro.com.vn', 'Thùy Dung Nguyễn', false, 0),
(43, 'huong.nghiem.5205', 'DA7E2532550C01A49F955FDD8F22B7FF', 'huongnt@onenet.vn', 'Huong Nghiem', false, 0),
(44, 'nhuong.duong.5', 'DA7E2532550C01A49F955FDD8F22B7FF', 'duongnhuong.humg@gmail.com', 'Dương Nhương', false, 0),
(45, 'rainlily.146', 'DA7E2532550C01A49F955FDD8F22B7FF', 'nguyenthoan248@gmail.com', 'Nguyễn Thoan', false, 0),
(46, 'maruko.mako', 'DA7E2532550C01A49F955FDD8F22B7FF', 'nguyetnt24388@gmail.com', 'Nguyễn Thị Nguyệt', false, 0),
(47, 'hoang.ba.tho.771687', 'DA7E2532550C01A49F955FDD8F22B7FF', 'hoangductho.3690@gmail.com', 'Hoàng Bá Thọ', true, 0),
(48, 'huongcuc88', 'DA7E2532550C01A49F955FDD8F22B7FF', 'huongcuc_251@yahoo.com', 'Huong Cuc', false, 0),
(49, 'hai.meo', 'DA7E2532550C01A49F955FDD8F22B7FF', 'thanh.hai.kim@gmail.com', 'Kim Thanh Hai', true, 0),
(50, 'htduzng', 'DA7E2532550C01A49F955FDD8F22B7FF', 'duzng.ht@gmail.com', 'Hà Dũng', true, 0),
(51, 'nguyen.hieu.3150', 'DA7E2532550C01A49F955FDD8F22B7FF', 'hieunt8@fpt.com', 'Nguyễn Trung Hiếu', true, 0),
(52, 'tung.n.son', 'DA7E2532550C01A49F955FDD8F22B7FF', 'tungns@fpt.com', 'Tung Nguyen Son', true, 0),
(53, 'nguyenleanh2007', 'DA7E2532550C01A49F955FDD8F22B7FF', 'nguyenleanh2007@gmail.com', 'Nguyen Leanh', true, 0),
(54, 'giang.hoang.19', 'DA7E2532550C01A49F955FDD8F22B7FF', 'hoanggiang115@gmail.com', 'Hoàng Giang', true, 0),
(55, 'thanhdong.phan', 'DA7E2532550C01A49F955FDD8F22B7FF', 'dongbkhn@gmail.com', 'Little Blue Whales', true, 0),
(56, 'thanhnamtt2', 'DA7E2532550C01A49F955FDD8F22B7FF', 'thanhnam_bk38@yahoo.com', 'Nam Trịnh Bá', true, 0),
(57, 'bo.gia.hieu', 'DA7E2532550C01A49F955FDD8F22B7FF', 'bo.gia.hieu@gmail.com', 'Nguyen Van Hieu', true, 0),
(58, 'chungdv01', 'DA7E2532550C01A49F955FDD8F22B7FF', 'chungbkhn87@gmail.com', 'Chung Duong Van', true, 0),
(59, 'labatvi', 'DA7E2532550C01A49F955FDD8F22B7FF', 'tranhoanglinh@gmail.com', 'Trần Linh', true, 0),
(60, 'ta.mien.33', 'DA7E2532550C01A49F955FDD8F22B7FF', 'mientt2bk@gmail.com', 'Ta Mien', false, 0),
(61, 'nguyen.chi.thanh.65467', 'DA7E2532550C01A49F955FDD8F22B7FF', 'thanhnc@onenet.vn', 'Nguyễn Chí Thành', true, 0),
(62, 'tntmoi26487', 'DA7E2532550C01A49F955FDD8F22B7FF', 'tntmoi26487@gmail.com', 'Tri Nitro Toluen', true, 0),
(63, 'thien.bao.184', 'DA7E2532550C01A49F955FDD8F22B7FF', 'thaott2k51@gmail.com', 'Tran HuuThao', true, 0),
(64, 'kmthanh', 'DA7E2532550C01A49F955FDD8F22B7FF', 'thanhkhongminh@gmail.com', 'Thanh KM', true, 0),
(65, 'kieutrang.ly.923', 'DA7E2532550C01A49F955FDD8F22B7FF', 'tranglk.98@ftu.com', 'Chan Dii', false, 0),
(66, 'demonspear88', 'DA7E2532550C01A49F955FDD8F22B7FF', 'hoanganhbk88@gmail.com', 'Hoang Anh', true, 0),
(67, 'thect91', 'DA7E2532550C01A49F955FDD8F22B7FF', 'thect91@gmail.com', 'Chu Trần Thế', true, 0),
(68, 'thuyjobit', 'DA7E2532550C01A49F955FDD8F22B7FF', 'thuyhr1211@gmail.com', 'Thúy Nguyễn', false, 0),
(69, 'duchm.raf', 'DA7E2532550C01A49F955FDD8F22B7FF', 'duchm2705@eka.edu.vn', 'Hoàng Minh Đức', true, 0),
(70, 'ChHnLee', 'DA7E2532550C01A49F955FDD8F22B7FF', 'trungletran@gmail.com', 'Chun Lee', true, 0),
(71, 'tran.a.tuan', 'DA7E2532550C01A49F955FDD8F22B7FF', 'tuantabk86@gmail.com', 'Tuan Tran', true, 0),
(72, 'nhuhexiheo', 'DA7E2532550C01A49F955FDD8F22B7FF', 'nhuhexi6789@gmail.com', 'Huỳnh Như Trần', false, 0),
(73, 'mrpop.pro', 'DA7E2532550C01A49F955FDD8F22B7FF', 'tuandongoc.hut@gmail.com', 'Shin Nosuke', true, 0),
(74, 'Hienngo.bk', 'DA7E2532550C01A49F955FDD8F22B7FF', 'ngohien.ffa-hut@gmail.com', 'Hiền Ngô', false, 0),
(75, 'van.nam.5817300', 'DA7E2532550C01A49F955FDD8F22B7FF', 'vannamtoolcnc@gmail.com', 'Richard Van', true, 0),
(76, 'nguyen.canh.nam.75012', 'DA7E2532550C01A49F955FDD8F22B7FF', 'namngc@gmail.com', 'Nguyễn Cảnh Nam', true, 0),
(77, 'nghiem.vananh.9', 'DA7E2532550C01A49F955FDD8F22B7FF', 'vananh.nghiem13@gmail.com', 'Nghiêm Vân Anh', false, 0),
(78, 'phuongku101', 'DA7E2532550C01A49F955FDD8F22B7FF', 'phuongku@gmail.com', 'Phương Hoàng', false, 0),
(79, 'tdthinh.nbi', 'DA7E2532550C01A49F955FDD8F22B7FF', 'thinhtd07@gmail.com', 'Du Mục', true, 0),
(80, 'HoLien.Holienn', 'DA7E2532550C01A49F955FDD8F22B7FF', 'holien.work@gmail.com', 'Hồ Liên', false, 0),
(81, 'cuakute', 'DA7E2532550C01A49F955FDD8F22B7FF', 'uyennguyenmai@gmail.com', 'Uyên Nguyễn Mai', false, 0),
(82, 'flora.2o4', 'DA7E2532550C01A49F955FDD8F22B7FF', 'nguyenthihoa1207204@gmail.com', 'Nguyễn Hoa', false, 0),
(83, 'nmaicutes1', 'DA7E2532550C01A49F955FDD8F22B7FF', 'nmai36833@gmail.com', 'Ngoc Mai', false, 2),
(84, 'lehongly', 'DA7E2532550C01A49F955FDD8F22B7FF', 'lehongly2101@gmail.com', 'Lê Hồng Ly', false, 0),
(85, N'ynhi1003', N'DA7E2532550C01A49F955FDD8F22B7FF', N'nguyenyennhit2007@gmail.com', N'Nguyễn Yến Nhi', false, 0),
(86, N'ngo.hung.thinh.2025', N'DA7E2532550C01A49F955FDD8F22B7FF', N'ngohungthinh86@gmail.com', N'Ngô Hùng Thịnh', true, 0),
(87, N'viet.johan', N'DA7E2532550C01A49F955FDD8F22B7FF', N'vietjohan1983@gmail.com', N'Nguyễn Tường Việt', true, 0),
(88, N'vo.thoai.580508', N'DA7E2532550C01A49F955FDD8F22B7FF', N'vothoai1503@gmail.com', N'Võ Thoại', true, 0),
(89, N'ngocvan.ld', N'DA7E2532550C01A49F955FDD8F22B7FF', N'ledoanthanhhoa@gmail.com', N'Hoa Ngoc Van', false, 0),
(90, N'tran.quan.755204', N'DA7E2532550C01A49F955FDD8F22B7FF', N'tranquan.network@gmail.com', N'Trần Hoàng Quân', true, 0);

SELECT setval(pg_get_serial_sequence('user.users', 'id'), 90);

INSERT INTO game.rooms (id, name, status, bet_amount, host_id, created_at, updated_at) OVERRIDING SYSTEM VALUE VALUES
(1, 'chờ', 1, 10000, 9, '2026-05-01T10:00:00Z', '2026-05-01T10:00:00Z'),
(2, 'đang chơi', 1, 500, 83, '2026-05-01T11:00:00Z', '2026-05-01T11:03:10Z'),
(3, 'xem', 1, 100, 72, '2026-05-01T12:00:00Z', '2026-05-01T12:05:10Z');

SELECT setval(pg_get_serial_sequence('game.rooms', 'id'), (SELECT MAX(id) FROM game.rooms));

INSERT INTO game.room_users (room_id, user_id, team, joined_at) VALUES
(1, 9, 'black', '2026-05-01T10:00:00Z'),
(1, 82, 'red', '2026-05-01T10:20:00Z'),
(1, 19, NULL, '2026-05-01T03:25:00Z'),
(2, 83, 'black', '2026-05-01T11:00:00Z'),
(2, 8, 'red', '2026-05-01T11:03:00Z'),
(2, 6, NULL, '2026-05-01T11:04:00Z'),
(2, 43, NULL, '2026-05-01T11:05:00Z'),
(2, 4, NULL, '2026-05-01T11:06:00Z'),
(2, 64, NULL, '2026-05-01T11:07:00Z'),
(2, 32, NULL, '2026-05-01T11:08:00Z'),
(2, 80, NULL, '2026-05-01T11:09:00Z'),
(2, 51, NULL, '2026-05-01T11:10:00Z'),
(3, 49, 'black', '2026-05-01T12:00:00Z'),
(3, 14, 'red', '2026-05-01T12:05:00Z'),
(3, 5, NULL, '2026-05-01T12:10:00Z'),
(3, 23, NULL, '2026-05-01T12:15:00Z'),
(3, 78, NULL, '2026-05-01T12:20:00Z'),
(3, 72, NULL, '2026-05-01T12:25:00Z');

INSERT INTO game.achievement (id, name) OVERRIDING SYSTEM VALUE VALUES
(01, 'achievement.title-01'),
(02, 'achievement.title-02'),
(03, 'achievement.title-03'),
(04, 'achievement.title-04'),
(05, 'achievement.title-05'),
(06, 'achievement.title-06'),
(07, 'achievement.title-07'),
(08, 'achievement.title-08'),
(09, 'achievement.title-09'),
(10, 'achievement.title-10');

SELECT setval(pg_get_serial_sequence('game.achievement', 'id'), (SELECT MAX(id) FROM game.achievement));
